{
    "$schema": "https://schema.management.azure.com/schemas/2015-01-01/deploymentParameters.json#",
    "contentVersion": "1.0.0.0",
    "parameters": {
        "location": {
            "value": "eastus"
        },
        "virtualMachineName": {
            "value": "SkyPiServer"
        },
        "virtualMachineSize": {
            "value": "Standard_F1"
        },
        "adminUsername": {
            "value": "SkyPiRoot"
        },
        "virtualNetworkName": {
            "value": "SeniorCapstoneProject-vnet"
        },
        "networkInterfaceName": {
            "value": "skypiserver435"
        },
        "networkSecurityGroupName": {
            "value": "SkyPiServer-nsg"
        },
        "adminPassword": {
            "value": null
        },
        "diagnosticsStorageAccountName": {
            "value": "seniorcapstoneproject376"
        },
        "diagnosticsStorageAccountType": {
            "value": "Standard_LRS"
        },
        "diagnosticsStorageAccountKind": {
            "value": "Storage"
        },
        "diagnosticsStorageAccountId": {
            "value": "Microsoft.Storage/storageAccounts/seniorcapstoneproject376"
        },
        "addressPrefix": {
            "value": "10.0.0.0/24"
        },
        "subnetName": {
            "value": "default"
        },
        "subnetPrefix": {
            "value": "10.0.0.0/24"
        },
        "publicIpAddressName": {
            "value": "SkyPiServer-ip"
        },
        "publicIpAddressType": {
            "value": "Static"
        },
        "publicIpAddressSku": {
            "value": "Basic"
        }
    }
}